2pR1uS9pK,E,Mendoza,Trudie,Forster,Los Angeles,California,93211,United States,tmendoza0@sourceforge.net
9fH9mH1aA,E,Garrit,Lazar,Hooker,Sacramento,California,13935,United States,lgarrit1@globo.com
9tL0zO2dS,E,Yelyashev,Estelle,6th,Roanoke,Virginia,37393,United States,eyelyashev2@harvard.edu
7fF3vG4mJ,E,Mains,Breena,Bunker Hill,Juneau,Alaska,69165,United States,bmains3@bloglovin.com
0iQ1wJ9dJ,E,McGrouther,Abel,Hanover,Anderson,South Carolina,80931,United States,amcgrouther4@omniture.com
9pP4tY9qP,E,Elstow,Franny,Pennsylvania,Washington,District of Columbia,59102,United States,felstow5@kickstarter.com
5dB5zW6nT,E,Housin,Dorotea,Coleman,Atlanta,Georgia,87176,United States,dhousin6@infoseek.co.jp
9sT7gJ1tC,C,Aizikovitch,Arvy,Reindahl,Los Angeles,California,64191,United States,aaizikovitch7@abc.net.au
0kO3lD0lV,C,Rawll,Meyer,Kedzie,Wichita,Kansas,19233,United States,mrawll8@scribd.com
0jG3aM3qP,C,Sheryn,Ailis,Erie,New York City,New York,69291,United States,asheryn9@pinterest.com
9vT0bU3dT,C,Jarrad,Sully,Walton,Riverside,California,11580,United States,sjarrada@ifeng.com
4sZ6pP5wI,C,Sharpling,Biron,Vidon,Roanoke,Virginia,77334,United States,bsharplingb@typepad.com
2sP9wR8kK,S,Baszniak,Marti,Commercial,Boston,Massachusetts,44514,United States,mbaszniakc@tripadvisor.com
0xS6yF7fG,S,Knott,Damian,Green,Cincinnati,Ohio,31921,United States,dknottd@nydailynews.com
3uB1bV9pG,S,Pace,Meryl,Rigney,Orlando,Florida,23079,United States,mpacee@yellowpages.com
2bS2cA7dQ,S,Measham,Deena,Boyd,Stamford,Connecticut,40040,United States,dmeashamf@wisc.edu
7sW1cG5qW,G,Moralee,Clea,Blaine,Washington,District of Columbia,25685,United States,cmoraleeg@ycombinator.com
7nK0kI7uN,G,Edwicke,Normie,Schurz,Albuquerque,New Mexico,24528,United States,nedwickeh@uol.com.br
0rG9wZ1lF,G,Stoneley,Abbi,Doe Crossing,Redwood City,California,92267,United States,astoneleyi@rediff.com
7wI1sU3oR,G,Garlick,Jecho,Village,Atlanta,Georgia,87317,United States,jgarlickj@wikispaces.com, akjslfkj@gmail.com